[
    {
        "url": "https://dev.eyeseetea.com/who-dev-234/api/documents/GSWw3VBsOPS/data",
        "filename": "00000",
        "type": "image/png"
    },
    {
        "url": "https://dev.eyeseetea.com/who-dev-234/api/documents/KiY5XDqv6We/data",
        "filename": "00001",
        "type": "image/gif"
    },
    {
        "url": "https://dev.eyeseetea.com/who-dev-234/api/documents/y2CYgaj1fKQ/data",
        "filename": "00002",
        "type": "image/gif"
    },
    {
        "url": "https://dev.eyeseetea.com/who-dev-234/api/documents/qeqFSeSZzsg/data",
        "filename": "00003",
        "type": "image/gif"
    },
    {
        "url": "https://dev.eyeseetea.com/who-dev-234/api/documents/amavgnAvWgf/data",
        "filename": "00004",
        "type": "image/gif"
    },
    {
        "url": "https://dev.eyeseetea.com/who-dev-234/api/documents/WQSqXrLXH0l/data",
        "filename": "00005",
        "type": "image/gif"
    },
    {
        "url": "https://dev.eyeseetea.com/who-dev-234/api/documents/mSOgfxgg7hL/data",
        "filename": "00006",
        "type": "image/gif"
    },
    {
        "url": "https://dev.eyeseetea.com/who-dev-234/api/documents/K4UBMAQawkC/data",
        "filename": "00007",
        "type": "image/gif"
    },
    {
        "url": "https://dev.eyeseetea.com/who-dev-234/api/documents/isG8qMTBGI2/data",
        "filename": "00008",
        "type": "image/gif"
    },
    {
        "url": "https://dev.eyeseetea.com/who-dev-234/api/documents/mqQdpDLcJkt/data",
        "filename": "00009",
        "type": "image/gif"
    },
    {
        "url": "https://dev.eyeseetea.com/who-dev-234/api/documents/KK4sgpCL8bE/data",
        "filename": "00010",
        "type": "image/gif"
    },
    {
        "url": "https://dev.eyeseetea.com/who-dev-234/api/documents/iA0gsiegC9f/data",
        "filename": "00011",
        "type": "image/gif"
    },
    {
        "url": "https://dev.eyeseetea.com/who-dev-234/api/documents/qeYjwj1WQcM/data",
        "filename": "00012",
        "type": "image/gif"
    },
    {
        "url": "https://dev.eyeseetea.com/who-dev-234/api/documents/iIZrT0PgNle/data",
        "filename": "00013",
        "type": "image/gif"
    },
    {
        "url": "https://dev.eyeseetea.com/who-dev-234/api/documents/ieiKgDTkLZP/data",
        "filename": "00014",
        "type": "image/gif"
    },
    {
        "url": "https://dev.eyeseetea.com/who-dev-234/api/documents/y4WijhRLJqR/data",
        "filename": "00015",
        "type": "image/gif"
    },
    {
        "url": "https://dev.eyeseetea.com/who-dev-234/api/documents/mcMOBGK9aBr/data",
        "filename": "00016",
        "type": "image/png"
    }
]