[
    {
        "url": "https://dev.eyeseetea.com/who-dev-234/api/documents/mEy4gOxeOX3/data",
        "filename": "00000",
        "type": "image/png"
    },
    {
        "url": "https://dev.eyeseetea.com/who-dev-234/api/documents/GmaoRqJEhiS/data",
        "filename": "00001",
        "type": "image/gif"
    },
    {
        "url": "https://dev.eyeseetea.com/who-dev-234/api/documents/iOwpKZ2gb4v/data",
        "filename": "00002",
        "type": "image/gif"
    },
    {
        "url": "https://dev.eyeseetea.com/who-dev-234/api/documents/KCmEMReYRtJ/data",
        "filename": "00003",
        "type": "image/gif"
    },
    {
        "url": "https://dev.eyeseetea.com/who-dev-234/api/documents/eCqOmU1EBuR/data",
        "filename": "00004",
        "type": "image/gif"
    },
    {
        "url": "https://dev.eyeseetea.com/who-dev-234/api/documents/WkMftEDV61A/data",
        "filename": "00005",
        "type": "image/gif"
    },
    {
        "url": "https://dev.eyeseetea.com/who-dev-234/api/documents/C2Al7Dl0ite/data",
        "filename": "00006",
        "type": "image/gif"
    },
    {
        "url": "https://dev.eyeseetea.com/who-dev-234/api/documents/i8cvQ0w1wfS/data",
        "filename": "00007",
        "type": "image/gif"
    },
    {
        "url": "https://dev.eyeseetea.com/who-dev-234/api/documents/GagRWwwDPhW/data",
        "filename": "00008",
        "type": "image/gif"
    },
    {
        "url": "https://dev.eyeseetea.com/who-dev-234/api/documents/O0aeZv0MlMg/data",
        "filename": "00009",
        "type": "image/gif"
    },
    {
        "url": "https://dev.eyeseetea.com/who-dev-234/api/documents/CAwTod3pynC/data",
        "filename": "00010",
        "type": "image/gif"
    },
    {
        "url": "https://dev.eyeseetea.com/who-dev-234/api/documents/igIVzVtIQh1/data",
        "filename": "00011",
        "type": "image/gif"
    },
    {
        "url": "https://dev.eyeseetea.com/who-dev-234/api/documents/ucKgyDXYjGI/data",
        "filename": "00012",
        "type": "image/gif"
    },
    {
        "url": "https://dev.eyeseetea.com/who-dev-234/api/documents/ComKN3M3X1a/data",
        "filename": "00013",
        "type": "image/gif"
    },
    {
        "url": "https://dev.eyeseetea.com/who-dev-234/api/documents/SU02Unc0y0o/data",
        "filename": "00014",
        "type": "image/gif"
    },
    {
        "url": "https://dev.eyeseetea.com/who-dev-234/api/documents/iScdNx7SEVU/data",
        "filename": "00015",
        "type": "image/png"
    }
]