{
    "created": "2021-05-12T09:47:34.011Z",
    "lastUpdated": "2021-05-25T21:15:28.476Z",
    "publicAccess": "--------",
    "userAccesses": [],
    "userGroupAccesses": [],
    "user": {
        "id": "I77r2A5xemt",
        "name": "Lucia Fernandez"
    },
    "lastUpdatedBy": {
        "id": "I77r2A5xemt",
        "name": "Lucia Fernandez"
    },
    "lastTranslationSync": "2021-05-12T09:47:34.011Z",
    "_version": 1,
    "id": "irs-residual-efficacy-monitoring",
    "name": {
        "key": "module-name",
        "translations": {},
        "referenceValue": "IRS Residual Efficacy Monitoring"
    },
    "icon": "https://dev.eyeseetea.com/who-dev-234/api/documents/KMG8lcZOYXj/data",
    "type": "app",
    "revision": 1,
    "dhisVersionRange": "",
    "dhisAppKey": "",
    "dhisLaunchUrl": "/dhis-web-capture/index.html",
    "dhisAuthorities": [],
    "disabled": false,
    "translation": {
        "provider": "NONE"
    },
    "contents": {
        "steps": [
            {
                "id": "irs-residual-efficacy-monitoring-step-0",
                "pages": [
                    {
                        "id": "irs-residual-efficacy-monitoring-page-0-0",
                        "key": "step-1-1",
                        "translations": {},
                        "referenceValue": "![image](https://dev.eyeseetea.com/who-dev-234/api/documents/GmaoRqJEhiS/data)\n\nFind the name of the sentinel site that you want to enter data for on the drop-down tree menu under “Registering Organisation Unit”. You can click down to lower geographic levels on the menu by clicking on the arrows next to the location names.\n\nClick on your sentinel site name to add it to the field “Selected registering unit” on the form.\n\n<blockquote title=\"Note\">\n<i>\nYou will only be able to move onto the next step once they’re selected an appropriate sentinel site that has the district programme associated with it.\n</i>\n</blockquote>"
                    },
                    {
                        "id": "irs-residual-efficacy-monitoring-page-0-1",
                        "key": "step-1-2",
                        "translations": {},
                        "referenceValue": "![image](https://dev.eyeseetea.com/who-dev-234/api/documents/iOwpKZ2gb4v/data)\n\nAnother quick way to find your sentinel site is to use the search box above the drop-down tree menu. Start typing the sentinel site name where it says “Search” and click on the sentinel site from the drop-down list to enter it into your form.\n\n<blockquote title=\"Note\">\n<i>\nYou will only be able to move onto the next step once they’re selected an appropriate sentinel site that has the district programme associated with it.\n</i>\n</blockquote>"
                    }
                ],
                "title": {
                    "key": "step-1-title",
                    "translations": {},
                    "referenceValue": "Select your sentinel site "
                }
            },
            {
                "id": "irs-residual-efficacy-monitoring-step-1",
                "title": {
                    "key": "step-8-title",
                    "referenceValue": "Select data collection form",
                    "translations": {}
                },
                "pages": [
                    {
                        "id": "irs-residual-efficacy-monitoring-page-1-0",
                        "key": "step-8-1",
                        "referenceValue": "![image](https://dev.eyeseetea.com/who-dev-234/api/documents/KuEEcgh9FQX/data)\n\nIn the “Program” section, click on the box saying “Select program” to open a drop-down list of data collection forms available for your sentinel site. \n \nSelect “VC-IRS- Residual efficacy monitoring” to open this data collection form.\n\n<details>\n  <summary>Note</summary>\n  <p>\n    <i>\nAt this point, you may see a “Registered events” summary table. This table and its functionality will be discussed later in this tutorial.\n</1>\n  </p>\n</details>",
                        "translations": {}
                    },
                    {
                        "id": "irs-residual-efficacy-monitoring-page-1-1",
                        "key": "step-2-2",
                        "referenceValue": "![image](https://dev.eyeseetea.com/who-dev-234/api/documents/aGmqnipi0hc/data)\n\nThere may be additional data categories that you need to select (e.g. project name, partner name). These will allow you to group your data during the analysis phase.\n\nFrom the drop-down menu that may appear, select the appropriate category for your data.\n\n<details>\n  <summary>Note</summary>\n  <p>\n    <i>\nAt this point, you should see a “Registered events” summary table. This table and its functionality will be discussed later in this tutorial.\n</1>\n  </p>\n</details>",
                        "translations": {}
                    }
                ]
            },
            {
                "id": "irs-residual-efficacy-monitoring-step-5",
                "title": {
                    "key": "step-8-title",
                    "referenceValue": "Select data category",
                    "translations": {}
                },
                "pages": [
                    {
                        "id": "irs-residual-efficacy-monitoring-page-5-0",
                        "key": "step-8-1",
                        "referenceValue": "![image](https://dev.eyeseetea.com/who-dev-234/api/documents/aGmqnipi0hc/data)\n\nThere may be additional data categories that you need to select (e.g. project name, partner name). These will allow you to group your data during the analysis phase.\n\nFrom the drop-down menu that may appear, select the appropriate category for your data.\n\n<details>\n  <summary>Note</summary>\n  <p>\n    <i>\nAt this point, you should see a “Registered events” summary table. This table and its functionality will be discussed later in this tutorial.\n</1>\n  </p>\n</details>",
                        "translations": {}
                    },
                    {
                        "id": "irs-residual-efficacy-monitoring-page-5-1",
                        "key": "step-3-2",
                        "referenceValue": "![image](https://dev.eyeseetea.com/who-dev-234/api/documents/yUuQIUGzB4W/data)\n\nYou can customize the summary table. You can include or remove columns by clicking on the cog icon and selecting/deselecting column names from the list. \n\nYou can also rearrange the order of the columns by clicking on the three line icon next to the data category that you would like to move, and dragging it to its new position among the other categories.\n \nRemember to click “Save” if you have made any changes to your summary table that you would like to keep.\n",
                        "translations": {}
                    },
                    {
                        "id": "irs-residual-efficacy-monitoring-page-5-2",
                        "key": "step-3-3",
                        "referenceValue": "![image](https://dev.eyeseetea.com/who-dev-234/api/documents/qiecUq3XooE/data)\n\nYou can sort the information according to columns in your table by clicking on the column names. This will rearrange the data from the highest to lowest values or vice versa, or alphabetically or vice versa. For example, clicking on “Cone bioassay date” will arrange the data in chronological order (from most recent to latest, or vice versa).\n\nThe green arrow on the column name shows you the order of the sorted data in the column.  The arrow pointing downwards means that the data is arranged from highest to lowest.\n",
                        "translations": {}
                    }
                ]
            },
            {
                "id": "irs-residual-efficacy-monitoring-step-2",
                "pages": [
                    {
                        "id": "irs-residual-efficacy-monitoring-page-2-0",
                        "key": "step-4-1",
                        "translations": {},
                        "referenceValue": "![image](https://dev.eyeseetea.com/who-dev-234/api/documents/OSQdTJ5omNH/data)\n\nTo open a new form to enter results of IRS Residual Efficacy Monitoring, click on “New Event”.\n\nIn the first section of the form, “Basic info”, click the box next to “Cone bioassay date” to open a drop-down calendar. On the calendar, select the date when the cone bioassay was conducted by scrolling through months and years, and clicking on the day of the month.\n\n<details>\n  <summary>Note</summary>\n  <p>\n    <i>\nPay attention to the year, which is shown on the 1 Jan for every year on the calendar.\n</1>\n  </p>\n</details>"
                    },
                    {
                        "id": "irs-residual-efficacy-monitoring-page-2-1",
                        "key": "step-4-2",
                        "translations": {},
                        "referenceValue": "![image](https://dev.eyeseetea.com/who-dev-234/api/documents/q0CiFSF8NOj/data)\n\nEnter the location coordinates of the house that was monitored in the “Latitude” and “Longitude” boxes.\n\nAlternatively, click on the blue location pin icon, and drop the pin at the appropriate location on the map by clicking. Select “Set coordinate” to save the location and enter it into your form."
                    },
                    {
                        "id": "irs-residual-efficacy-monitoring-page-2-2",
                        "key": "step-4-3",
                        "translations": {},
                        "referenceValue": "![image](https://dev.eyeseetea.com/who-dev-234/api/documents/GqWwJpZ2wzb/data)\n\nComplete your form by filling in the data in the following sections:\n\n- House information\n- Test initial conditions\n- Knock-down\n- Mortality observation times\n- Mortality 24h after exposure\n\n\n\n\nFill in data by selecting from the drop-down menus or by manually typing the values.\n\n![image](https://dev.eyeseetea.com/who-dev-234/api/documents/W4krOzKDGwF/data)\n\nMandatory fields, such as “Wall type” or “Insecticide sprayed”, are indicated by a red star. You need to fill these data in to be able to save and submit the form. "
                    },
                    {
                        "id": "irs-residual-efficacy-monitoring-page-2-3",
                        "key": "step-4-4",
                        "translations": {},
                        "referenceValue": "![image](https://dev.eyeseetea.com/who-dev-234/api/documents/KoCWpcoj9hV/data)\n\nDepending on the data you enter in some cells, additional fields may appear on your form. \n\nIn the “House role (sprayed, control)” section, an entry for “Date of spraying” will only appear when you select “Sprayed”. \n\nIn the section “Mortality observation times”, select the times at which you measured mosquito mortality after mosquito exposure to sprayed (or control) wall in cones. For each period that you select, new data entry sections will appear for you to record observed mortalities at these times."
                    },
                    {
                        "id": "irs-residual-efficacy-monitoring-page-2-4",
                        "key": "step-4-5",
                        "translations": {},
                        "referenceValue": "![image](https://dev.eyeseetea.com/who-dev-234/api/documents/ygJ0Y4apxIw/data)\n\nGreyed-out entries are those calculated automatically by the DHIS2 system. You do not need to enter anything in them. In this form, “Exposure time” is automatically filled in when the form is created; \nMosquito mortality for each cone per time period will be calculated and entered automatically when you enter “Number of mosquitoes” and “Mosquitoes dead” for each cone. \n\nThe average mosquito mortality at each observation time will be calculated automatically as an average across the results entered for each cone. \n\n<details>\n  <summary>Note</summary>\n  <p>\n    <i>\nDHIS2 may have difficulties in triggering the automatic calculations. Please click 3 - 4 times somewhere outside the data entry cells of the form to force DHIS2 to calculate these entries.\n</1>\n  </p>\n</details>\n"
                    },
                    {
                        "id": "irs-residual-efficacy-monitoring-page-2-5",
                        "key": "step-4-6",
                        "translations": {},
                        "referenceValue": "![image](https://dev.eyeseetea.com/who-dev-234/api/documents/GSWqsgBm0vF/data)\n\nIf you enter a value that is not valid or is outside the acceptable value range for a specific category, you will get a warning message below the cell telling you what error has been made.\n\nFor example, in the “Mortality 24h after exposure” section, the “Mosquito mortality - 24h (%)” category will be coloured yellow if the average mosquito mortality after 24h across the 5 cones (maximum) is below 80%.\n \nA warning message will appear under the box where the % has been automatically calculated saying “IRS is no longer efficacious. Mosquito mortality has dropped below 80%”."
                    }
                ],
                "title": {
                    "key": "step-4-title",
                    "translations": {},
                    "referenceValue": "Enter data in a new form "
                }
            },
            {
                "id": "irs-residual-efficacy-monitoring-step-3",
                "pages": [
                    {
                        "id": "irs-residual-efficacy-monitoring-page-3-0",
                        "key": "step-5-1",
                        "translations": {},
                        "referenceValue": "![image](https://dev.eyeseetea.com/who-dev-234/api/documents/Wa6Lq8DNeOB/data)\n\nOnce all your data has been entered on the form, check the box next to “Complete event” in the “Status” section of the form to mark that your data is ready to be submitted.\n\nIf you need to come back to fill in missing data or if the data needs to be checked by another person before submission, leave the box unchecked. "
                    }
                ],
                "title": {
                    "key": "step-5-title",
                    "translations": {},
                    "referenceValue": "Mark form as complete"
                }
            },
            {
                "id": "irs-residual-efficacy-monitoring-step-4",
                "pages": [
                    {
                        "id": "irs-residual-efficacy-monitoring-page-4-0",
                        "key": "step-6-1",
                        "translations": {},
                        "referenceValue": " You can save the form once it is completed or save the progress you made and come back to it later.\n\n![image](https://dev.eyeseetea.com/who-dev-234/api/documents/eUU9lDCSELj/data)\n\nClicking on “Save and add new” will save the data you entered so far and create a new blank form for you to continue entering data for the same sentinel site (the forms you have already completed will appear in a table format at the end).\n\n![image](https://dev.eyeseetea.com/who-dev-234/api/documents/SieqgLvb6SY/data)\n\nClicking on “Save and exit” will save the data you have entered so far and take you out of the data collection form into a summary table where you can see the results you have entered for the sentinel site.\n\nFrom this page, you can select a new sentinel site from under “Select registering unit” and open a new data collection form by clicking in “New event” as explained before. "
                    }
                ],
                "title": {
                    "key": "step-6-title",
                    "translations": {},
                    "referenceValue": "Save and submit form"
                }
            },
            {
                "id": "irs-residual-efficacy-monitoring-step-6",
                "title": {
                    "key": "step-8-title",
                    "referenceValue": "View and format summary table",
                    "translations": {}
                },
                "pages": [
                    {
                        "id": "irs-residual-efficacy-monitoring-page-6-0",
                        "key": "step-8-1",
                        "referenceValue": "![image](https://dev.eyeseetea.com/who-dev-234/api/documents/yUuQIUGzB4W/data)\n\nYou can customize the summary table. You can include or remove columns by clicking on the cog icon and selecting/deselecting column names from the list. \n\nYou can also rearrange the order of the columns by clicking on the three line icon next to the data category that you would like to move, and dragging it to its new position among the other categories.\n \nRemember to click “Save” if you have made any changes to your summary table that you would like to keep.\n",
                        "translations": {}
                    },
                    {
                        "id": "irs-residual-efficacy-monitoring-page-6-1",
                        "key": "step-8-2",
                        "referenceValue": "![image](https://dev.eyeseetea.com/who-dev-234/api/documents/qiecUq3XooE/data)\n\nYou can sort the information according to columns in your table by clicking on the column names. This will rearrange the data from the highest to lowest values or vice versa, or alphabetically or vice versa. For example, clicking on “Cone bioassay date” will arrange the data in chronological order (from most recent to latest, or vice versa).\n\nThe green arrow on the column name shows you the order of the sorted data in the column.  The arrow pointing downwards means that the data is arranged from highest to lowest.\n",
                        "translations": {}
                    }
                ]
            },
            {
                "id": "irs-residual-efficacy-monitoring-step-7",
                "pages": [
                    {
                        "id": "irs-residual-efficacy-monitoring-page-7-0",
                        "key": "step-8-1",
                        "translations": {},
                        "referenceValue": "![image](https://dev.eyeseetea.com/who-dev-234/api/documents/aisZ6CBXOpw/data)\n\nIf you wish, you can download the data in the table by clicking on the three-dot button and selecting “Download data”. In the new window, you can select the data format (JSON, XML or CSV). Note that if you have applied filters to the table, only values matching those filters will be downloaded.\n\nOptions to download data from multiple sentinel sites at the same time are presented in the “Import/Export data from/to Excel” tutorial. \n\n"
                    }
                ],
                "title": {
                    "key": "step-8-title",
                    "translations": {},
                    "referenceValue": "Download data"
                }
            }
        ],
        "welcome": {
            "key": "module-welcome",
            "translations": {},
            "referenceValue": "# Welcome to the tutorial on\n\n## Entering IRS Residual Efficacy Monitoring results\n\n![image](https://dev.eyeseetea.com/who-dev-234/api/documents/WIiJM3tj7Fl/data)\n\nThis tutorial covers how to enter results of standard WHO cone bioassays to monitor the residual efficacy of IRS over time. \n"
        }
    },
    "editable": true,
    "progress": {
        "id": "irs-residual-efficacy-monitoring",
        "lastStep": 0,
        "completed": false
    },
    "installed": true,
    "compatible": true
}